[{"id":"user-image-pretty-smiling-joyfully-female-with-fair-hair-dressed-casually-looking-with-satisfaction_176420-15187.jpg","publicUrl":"np://user.desktop.nicepage.com/Site_150514969/images/pretty-smiling-joyfully-female-with-fair-hair-dressed-casually-looking-with-satisfaction_176420-15187.jpg","size":41342,"hash":"XUMO3dduxScl7ovT7bx1vjTdLhQ=","fileName":"pretty-smiling-joyfully-female-with-fair-hair-dressed-casually-looking-with-satisfaction_176420-15187.jpg","name":"pretty-smiling-joyfully-female-with-fair-hair-dressed-casually-looking-with-satisfaction_176420-15187","width":626,"height":417,"thumbnail":{"url":"np://user.desktop.nicepage.com/Site_150514969/images/thumbnails/pretty-smiling-joyfully-female-with-fair-hair-dressed-casually-looking-with-satisfaction_176420-15187.jpg","width":250,"height":167},"folderId":null,"originalUrl":"//images01.nicepage.com/c461c07a441a5d220e8feb1a/bb4a3324cba15018a0c8e5ad/pretty-smiling-joyfully-female-with-fair-hair-dressed-casually-looking-with-satisfaction_176420-15187.jpg","usages":["790716113"]},{"id":"user-image-ddddddd.jpg","publicUrl":"np://user.desktop.nicepage.com/Site_150514969/images/ddddddd.jpg","size":32911,"hash":"t8rnKs2OY7liyohJbfdVXLYRBFY=","fileName":"ddddddd.jpg","name":"ddddddd","width":626,"height":417,"thumbnail":{"url":"np://user.desktop.nicepage.com/Site_150514969/images/thumbnails/ddddddd.jpg","width":250,"height":167},"folderId":null,"originalUrl":"//images01.nicepage.com/c461c07a441a5d220e8feb1a/2d3e149e710d5030b9e36a55/ddddddd.jpg","usages":["790716113"]},{"id":"user-image-happy-man-with-long-thick-ginger-beard-has-friendly-smile_273609-16616.jpg","publicUrl":"np://user.desktop.nicepage.com/Site_150514969/images/happy-man-with-long-thick-ginger-beard-has-friendly-smile_273609-16616.jpg","size":30250,"hash":"j6gtVcl/B4rpjoSTX6cmOcqbVoU=","fileName":"happy-man-with-long-thick-ginger-beard-has-friendly-smile_273609-16616.jpg","name":"happy-man-with-long-thick-ginger-beard-has-friendly-smile_273609-16616","width":626,"height":417,"thumbnail":{"url":"np://user.desktop.nicepage.com/Site_150514969/images/thumbnails/happy-man-with-long-thick-ginger-beard-has-friendly-smile_273609-16616.jpg","width":250,"height":167},"folderId":null,"originalUrl":"//images01.nicepage.com/c461c07a441a5d220e8feb1a/20b72dd9d347529c80882425/happy-man-with-long-thick-ginger-beard-has-friendly-smile_273609-16616.jpg","usages":["790716113"]},{"id":"user-image-black-screen-smartphone-mockup-design_53876-65977.jpg","publicUrl":"np://user.desktop.nicepage.com/Site_150514969/images/black-screen-smartphone-mockup-design_53876-65977.jpg","size":143958,"hash":"xRGu4Hs2kvCwKVf5owXbths7ns0=","fileName":"black-screen-smartphone-mockup-design_53876-65977.jpg","name":"black-screen-smartphone-mockup-design_53876-65977","width":626,"height":626,"thumbnail":{"url":"np://user.desktop.nicepage.com/Site_150514969/images/thumbnails/black-screen-smartphone-mockup-design_53876-65977.jpg","width":250,"height":250},"folderId":null,"originalUrl":"//images03.nicepage.com/c461c07a441a5d220e8feb1a/7b1ef08a7dcc50639331abd3/black-screen-smartphone-mockup-design_53876-65977.jpg?version=","usages":["1735229479"]},{"id":"user-image-vcv.jpg","publicUrl":"np://user.desktop.nicepage.com/Site_150514969/images/vcv.jpg","size":36125,"hash":"0ZE4S9FaZNAYGg77531slk3vLDk=","fileName":"vcv.jpg","name":"vcv","width":462,"height":417,"thumbnail":{"url":"np://user.desktop.nicepage.com/Site_150514969/images/thumbnails/vcv.jpg","width":250,"height":226},"folderId":null,"originalUrl":"//images01.nicepage.com/c461c07a441a5d220e8feb1a/714eb9919289545a9278606f/vcv.jpg","usages":["1735229479"]},{"id":"user-image-ccc.jpg","publicUrl":"np://user.desktop.nicepage.com/Site_150514969/images/ccc.jpg","size":50615,"hash":"H85p956+YnshlYMUwYok9M023No=","fileName":"ccc.jpg","name":"ccc","width":462,"height":417,"thumbnail":{"url":"np://user.desktop.nicepage.com/Site_150514969/images/thumbnails/ccc.jpg","width":250,"height":226},"folderId":null,"originalUrl":"//images01.nicepage.com/c461c07a441a5d220e8feb1a/eb8edf7f9d0b56989a576454/ccc.jpg?version=","usages":["1735229479"]},{"id":"user-image-cxcc.jpg","publicUrl":"np://user.desktop.nicepage.com/Site_150514969/images/cxcc.jpg","size":59924,"hash":"gJ6SACkrcLDQ30dHOr7Lo6hr0iQ=","fileName":"cxcc.jpg","name":"cxcc","width":462,"height":417,"thumbnail":{"url":"np://user.desktop.nicepage.com/Site_150514969/images/thumbnails/cxcc.jpg","width":250,"height":226},"folderId":null,"originalUrl":"//images01.nicepage.com/c461c07a441a5d220e8feb1a/c9d97524f40f5dc7b655fec5/cxcc.jpg","usages":["1735229479"]},{"id":"user-image-music-player-app-interface-set_23-2148547854.jpg","publicUrl":"np://user.desktop.nicepage.com/Site_150514969/images/music-player-app-interface-set_23-2148547854.jpg","size":80515,"hash":"qRNr2sLONefM1A5/NmBalwyoLkg=","fileName":"music-player-app-interface-set_23-2148547854.jpg","name":"music-player-app-interface-set_23-2148547854","width":626,"height":626,"thumbnail":{"url":"np://user.desktop.nicepage.com/Site_150514969/images/thumbnails/music-player-app-interface-set_23-2148547854.jpg","width":250,"height":250},"folderId":null,"originalUrl":"//images01.nicepage.com/c461c07a441a5d220e8feb1a/8b0c6018708c54bfb36443dd/music-player-app-interface-set_23-2148547854.jpg","usages":["1735229479"]},{"id":"user-image-businessman-checking-stock-market-online_53876-11970.jpg","publicUrl":"np://user.desktop.nicepage.com/Site_150514969/images/businessman-checking-stock-market-online_53876-11970.jpg","size":138930,"hash":"Mi8Rym/wUZXXJR1nDL8s9ur9Xq0=","fileName":"businessman-checking-stock-market-online_53876-11970.jpg","name":"businessman-checking-stock-market-online_53876-11970","width":626,"height":417,"thumbnail":{"url":"np://user.desktop.nicepage.com/Site_150514969/images/thumbnails/businessman-checking-stock-market-online_53876-11970.jpg","width":250,"height":167},"folderId":null,"originalUrl":"//images01.nicepage.com/c461c07a441a5d220e8feb1a/b534a78ec5a150be9df34412/businessman-checking-stock-market-online_53876-11970.jpg","usages":["1735229479"]},{"id":"user-image-fggggh.jpg","publicUrl":"np://user.desktop.nicepage.com/Site_150514969/images/fggggh.jpg","size":34374,"hash":"aBqGkVC1EbRasLUZyPARwBsiBU8=","fileName":"fggggh.jpg","name":"fggggh","width":1980,"height":1385,"thumbnail":{"url":"np://user.desktop.nicepage.com/Site_150514969/images/thumbnails/fggggh.jpg","width":250,"height":175},"folderId":null,"originalUrl":"//images01.nicepage.com/c461c07a441a5d220e8feb1a/2f1cad5f7ae9506e8d0e2aad/fggggh.jpg","usages":["1735229479"]},{"id":"user-image-fggg-min.jpg","publicUrl":"np://user.desktop.nicepage.com/Site_150514969/images/fggg-min.jpg","size":82424,"hash":"n3W3eWB2CEGOrL0g20EoT4o+fNk=","fileName":"fggg-min.jpg","name":"fggg-min","width":1288,"height":1080,"thumbnail":{"url":"np://user.desktop.nicepage.com/Site_150514969/images/thumbnails/fggg-min.jpg","width":250,"height":210},"folderId":null,"originalUrl":"//images01.nicepage.com/c461c07a441a5d220e8feb1a/02f4f585fde750d19378a9e1/fggg-min.jpg","usages":["1735229479"]}]