[{"id":"user-image-ASyZmPb5.jpg","publicUrl":"np://user.desktop.nicepage.com/Site_250176946/images/ASyZmPb5.jpg","size":120162,"hash":"VQO79ncsWkb5ZC85FOAGKyEc17Y=","fileName":"ASyZmPb5.jpg","name":"ASyZmPb5","width":2048,"height":2048,"thumbnail":{"url":"np://user.desktop.nicepage.com/Site_250176946/images/thumbnails/ASyZmPb5.jpg","width":250,"height":250},"usages":[]},{"id":"user-image-Q8fpKRUK.jpg","publicUrl":"np://user.desktop.nicepage.com/Site_250176946/images/Q8fpKRUK.jpg","size":50134,"hash":"0eiN7mZ/kL4WL/kqrZhXj7WMKPI=","fileName":"Q8fpKRUK.jpg","name":"Q8fpKRUK","width":826,"height":1102,"thumbnail":{"url":"np://user.desktop.nicepage.com/Site_250176946/images/thumbnails/Q8fpKRUK.jpg","width":187,"height":250},"usages":[]},{"id":"user-image-black-screen-smartphone-mockup-design_53876-65977.jpg","publicUrl":"np://user.desktop.nicepage.com/Site_250176946/images/black-screen-smartphone-mockup-design_53876-65977.jpg","size":143958,"hash":"xRGu4Hs2kvCwKVf5owXbths7ns0=","fileName":"black-screen-smartphone-mockup-design_53876-65977.jpg","name":"black-screen-smartphone-mockup-design_53876-65977","width":626,"height":626,"thumbnail":{"url":"np://user.desktop.nicepage.com/Site_250176946/images/thumbnails/black-screen-smartphone-mockup-design_53876-65977.jpg","width":250,"height":250},"originalUrl":"//images03.nicepage.com/c461c07a441a5d220e8feb1a/7b1ef08a7dcc50639331abd3/black-screen-smartphone-mockup-design_53876-65977.jpg?version=","usages":[]},{"id":"user-image-businessman-checking-stock-market-online_53876-11970.jpg","publicUrl":"np://user.desktop.nicepage.com/Site_250176946/images/businessman-checking-stock-market-online_53876-11970.jpg","size":138930,"hash":"Mi8Rym/wUZXXJR1nDL8s9ur9Xq0=","fileName":"businessman-checking-stock-market-online_53876-11970.jpg","name":"businessman-checking-stock-market-online_53876-11970","width":626,"height":417,"thumbnail":{"url":"np://user.desktop.nicepage.com/Site_250176946/images/thumbnails/businessman-checking-stock-market-online_53876-11970.jpg","width":250,"height":167},"originalUrl":"//images01.nicepage.com/c461c07a441a5d220e8feb1a/b534a78ec5a150be9df34412/businessman-checking-stock-market-online_53876-11970.jpg","usages":[]},{"id":"user-image-ccc.jpg","publicUrl":"np://user.desktop.nicepage.com/Site_250176946/images/ccc.jpg","size":50615,"hash":"H85p956+YnshlYMUwYok9M023No=","fileName":"ccc.jpg","name":"ccc","width":462,"height":417,"thumbnail":{"url":"np://user.desktop.nicepage.com/Site_250176946/images/thumbnails/ccc.jpg","width":250,"height":226},"originalUrl":"//images01.nicepage.com/c461c07a441a5d220e8feb1a/eb8edf7f9d0b56989a576454/ccc.jpg?version=","usages":[]},{"id":"user-image-cxcc.jpg","publicUrl":"np://user.desktop.nicepage.com/Site_250176946/images/cxcc.jpg","size":59924,"hash":"gJ6SACkrcLDQ30dHOr7Lo6hr0iQ=","fileName":"cxcc.jpg","name":"cxcc","width":462,"height":417,"thumbnail":{"url":"np://user.desktop.nicepage.com/Site_250176946/images/thumbnails/cxcc.jpg","width":250,"height":226},"originalUrl":"//images01.nicepage.com/c461c07a441a5d220e8feb1a/c9d97524f40f5dc7b655fec5/cxcc.jpg","usages":[]},{"id":"user-image-fggg-min.jpg","publicUrl":"np://user.desktop.nicepage.com/Site_250176946/images/fggg-min.jpg","size":82424,"hash":"n3W3eWB2CEGOrL0g20EoT4o+fNk=","fileName":"fggg-min.jpg","name":"fggg-min","width":1288,"height":1080,"thumbnail":{"url":"np://user.desktop.nicepage.com/Site_250176946/images/thumbnails/fggg-min.jpg","width":250,"height":210},"originalUrl":"//images01.nicepage.com/c461c07a441a5d220e8feb1a/02f4f585fde750d19378a9e1/fggg-min.jpg","usages":[]},{"id":"user-image-fggggh.jpg","publicUrl":"np://user.desktop.nicepage.com/Site_250176946/images/fggggh.jpg","size":34374,"hash":"aBqGkVC1EbRasLUZyPARwBsiBU8=","fileName":"fggggh.jpg","name":"fggggh","width":1980,"height":1385,"thumbnail":{"url":"np://user.desktop.nicepage.com/Site_250176946/images/thumbnails/fggggh.jpg","width":250,"height":175},"originalUrl":"//images01.nicepage.com/c461c07a441a5d220e8feb1a/2f1cad5f7ae9506e8d0e2aad/fggggh.jpg","usages":[]},{"id":"user-image-default-logo.png","publicUrl":"np://user.desktop.nicepage.com/Site_250176946/images/default-logo.png","size":1804,"hash":"pVWyp9ScwghJ0IJ/x/tR7o2JZVo=","fileName":"default-logo.png","name":"default-logo","width":80,"height":40,"thumbnail":{"url":"np://user.desktop.nicepage.com/Site_250176946/images/thumbnails/default-logo.png","width":80,"height":40,"length":1804,"type":"png"},"usages":[]},{"id":"user-image-music-player-app-interface-set_23-2148547854.jpg","publicUrl":"np://user.desktop.nicepage.com/Site_250176946/images/music-player-app-interface-set_23-2148547854.jpg","size":80515,"hash":"qRNr2sLONefM1A5/NmBalwyoLkg=","fileName":"music-player-app-interface-set_23-2148547854.jpg","name":"music-player-app-interface-set_23-2148547854","width":626,"height":626,"thumbnail":{"url":"np://user.desktop.nicepage.com/Site_250176946/images/thumbnails/music-player-app-interface-set_23-2148547854.jpg","width":250,"height":250},"originalUrl":"//images01.nicepage.com/c461c07a441a5d220e8feb1a/8b0c6018708c54bfb36443dd/music-player-app-interface-set_23-2148547854.jpg","usages":[]},{"id":"user-image-taxRWYcd.jpg","publicUrl":"np://user.desktop.nicepage.com/Site_250176946/images/taxRWYcd.jpg","size":56738,"hash":"IuOIJPWRzz+RUvhiVI8BPKxgcFk=","fileName":"taxRWYcd.jpg","name":"taxRWYcd","width":985,"height":1835,"thumbnail":{"url":"np://user.desktop.nicepage.com/Site_250176946/images/thumbnails/taxRWYcd.jpg","width":134,"height":250},"usages":[]},{"id":"user-image-vcv.jpg","publicUrl":"np://user.desktop.nicepage.com/Site_250176946/images/vcv.jpg","size":36125,"hash":"0ZE4S9FaZNAYGg77531slk3vLDk=","fileName":"vcv.jpg","name":"vcv","width":462,"height":417,"thumbnail":{"url":"np://user.desktop.nicepage.com/Site_250176946/images/thumbnails/vcv.jpg","width":250,"height":226},"originalUrl":"//images01.nicepage.com/c461c07a441a5d220e8feb1a/714eb9919289545a9278606f/vcv.jpg","usages":[]}]