[{"id":856418708,"title":"Blog Template","order":1,"templateKey":"blog","customTemplate":false,"customTemplateFilename":null,"pageLinks":[],"dateCreated":"2024-11-08T05:54:03.187Z","dateUpdated":"2024-11-08T05:54:05.157Z","folderId":null,"pageName":"Blog Template","serverPageId":null,"sectionCount":1,"status":2,"backwardUrl":null},{"id":1217202669,"title":"Post Template","order":2,"templateKey":"post","customTemplate":false,"customTemplateFilename":null,"pageLinks":[],"dateCreated":"2024-11-08T05:54:03.367Z","dateUpdated":"2024-11-08T05:54:05.158Z","folderId":null,"pageName":"Post Template","serverPageId":null,"sectionCount":1,"status":2,"backwardUrl":null},{"id":2653112481,"title":"Product List Template","order":3,"templateKey":"products","customTemplate":false,"customTemplateFilename":null,"pageLinks":[],"dateCreated":"2024-11-08T05:54:03.533Z","dateUpdated":"2024-11-08T05:54:05.158Z","folderId":null,"pageName":"Product List Template","serverPageId":null,"sectionCount":1,"status":2,"backwardUrl":null},{"id":162303956,"title":"Product Details Template","order":4,"templateKey":"product","customTemplate":false,"customTemplateFilename":null,"pageLinks":[],"dateCreated":"2024-11-08T05:54:03.697Z","dateUpdated":"2024-11-08T05:54:05.158Z","folderId":null,"pageName":"Product Details Template","serverPageId":null,"sectionCount":1,"status":2,"backwardUrl":null},{"id":46405084,"title":"Shopping Cart Template","order":5,"templateKey":"cart","customTemplate":false,"customTemplateFilename":null,"pageLinks":[],"dateCreated":"2024-11-08T05:54:03.852Z","dateUpdated":"2024-11-08T05:54:05.158Z","folderId":null,"pageName":"Shopping Cart Template","serverPageId":null,"sectionCount":1,"status":2,"backwardUrl":null},{"id":223372998,"title":"Checkout Template","order":6,"templateKey":"checkout","customTemplate":false,"customTemplateFilename":null,"pageLinks":[],"dateCreated":"2024-11-08T05:54:04.029Z","dateUpdated":"2024-11-08T05:54:05.158Z","folderId":null,"pageName":"Checkout Template","serverPageId":null,"sectionCount":1,"status":2,"backwardUrl":null},{"id":740614637,"title":"Login Template","order":7,"templateKey":"login","customTemplate":false,"customTemplateFilename":null,"pageLinks":[],"dateCreated":"2024-11-08T05:54:04.202Z","dateUpdated":"2024-11-08T05:54:05.158Z","folderId":null,"pageName":"Login Template","serverPageId":null,"sectionCount":1,"status":2,"backwardUrl":null},{"id":43597281,"title":"Search Page Template","order":8,"templateKey":"Search","customTemplate":false,"customTemplateFilename":null,"pageLinks":[],"dateCreated":"2024-11-08T05:54:04.321Z","dateUpdated":"2024-11-08T05:54:05.158Z","folderId":null,"pageName":"Search Page Template","serverPageId":null,"sectionCount":1,"status":2,"backwardUrl":null},{"id":136299588,"title":"Page Password Template","order":9,"templateKey":"password","customTemplate":false,"customTemplateFilename":null,"pageLinks":[],"dateCreated":"2024-11-08T05:54:04.437Z","dateUpdated":"2024-11-08T05:54:05.159Z","folderId":null,"pageName":"Page Password Template","serverPageId":null,"sectionCount":1,"status":2,"backwardUrl":null},{"id":285129500,"title":"404 Not Found Template","order":10,"templateKey":"404","customTemplate":false,"customTemplateFilename":null,"pageLinks":[],"dateCreated":"2024-11-08T05:54:04.524Z","dateUpdated":"2024-11-08T05:54:05.159Z","folderId":null,"pageName":"404 Not Found Template","serverPageId":null,"sectionCount":1,"status":2,"backwardUrl":null},{"id":709540,"title":"Thank You Page Template","order":11,"templateKey":"ThankYou","customTemplate":false,"customTemplateFilename":null,"pageLinks":[],"dateCreated":"2024-11-08T05:54:04.592Z","dateUpdated":"2024-11-08T05:54:05.159Z","folderId":null,"pageName":"Thank You Page Template","serverPageId":null,"sectionCount":1,"status":2,"backwardUrl":null},{"id":1735229479,"title":"Home","order":102,"templateKey":null,"customTemplate":false,"customTemplateFilename":null,"pageLinks":[],"dateCreated":"2024-11-08T06:05:04.852Z","dateUpdated":"2024-11-08T06:26:37.700Z","folderId":null,"pageName":"Home_1735229479","serverPageId":null,"sectionCount":2,"status":2,"backwardUrl":null},{"id":790716113,"title":"About Us","order":103,"templateKey":null,"customTemplate":false,"customTemplateFilename":null,"pageLinks":[],"dateCreated":"2024-11-08T06:08:26.172Z","dateUpdated":"2024-11-08T11:58:18.547Z","folderId":null,"pageName":"About Us_790716113","serverPageId":null,"sectionCount":1,"status":2,"backwardUrl":null},{"id":551617032,"title":"Contact Us","order":104,"templateKey":null,"customTemplate":false,"customTemplateFilename":null,"pageLinks":[],"dateCreated":"2024-11-08T06:10:26.708Z","dateUpdated":"2024-11-08T13:53:30.739Z","folderId":null,"pageName":"Contact Us_551617032","serverPageId":null,"sectionCount":1,"status":2,"backwardUrl":null}]